,Rank_spotify,Change_spotify,Country,Artist,Monthly Listeners Change,Internal Link_spotify,Peak Position_spotify,Peak Date_spotify,Total Weeks on Chart,Current Weekly Streak,Chart Date_spotify,Rank_tiktok,Change_tiktok,Track,Internal Link_tiktok,External Link,Label,Release Date,All Time Rank,Video Count,All-Time Video Count,Peak Position_tiktok,Peak Date_tiktok,Time on Chart,7-Day Velocity,ISRC,Chart Date_tiktok,Release to Chart Time
122047,662,,Japan,Momoiro Clover Z,96K,/artist?id=293079,662,2021-04-29,1,1,2021-04-29,75,New,Nippon Egao Hyakkei -ZZver.- / ニッポン笑顔百景 -ZZ ver.-,/track?id=42649572,https://www.tiktok.com/music/null,キングレコード株式会社,2021-04-15,186,62280,64209,36,2021-05-01,4,0.0,JPKI02111473,2021-04-25,10
122044,777,115.0,Japan,Momoiro Clover Z,79K,/artist?id=293079,662,2021-04-29,2,2,2021-05-06,36,39,Nippon Egao Hyakkei -ZZver.- / ニッポン笑顔百景 -ZZ ver.-,/track?id=42649572,https://www.tiktok.com/music/null,キングレコード株式会社,2021-04-15,147,92650,156860,36,2021-05-01,4,5.57,JPKI02111473,2021-05-02,10
122112,997,,Japan,Momokurotei Ichimon,64K,/artist?id=1420753,997,2021-05-06,1,1,2021-05-06,36,39,Nippon Egao Hyakkei -ZZver.- / ニッポン笑顔百景 -ZZ ver.-,/track?id=42649572,https://www.tiktok.com/music/null,キングレコード株式会社,2021-04-15,147,92650,156860,36,2021-05-01,4,5.57,JPKI02111473,2021-05-02,10
110232,45,16.0,United States,Bo Burnham,710K,/artist?id=163998,24,2021-06-17,4,4,2021-07-01,172,New,All Eyes On Me,/track?id=48630622,https://www.tiktok.com/music/All-Eyes-On-Me-6968346828379015942,Universal Music Group,2021-06-08,194,38170,58250,103,2021-07-03,3,0.0,USA2P2122078,2021-06-27,19
110592,23,-22.0,United States,Bo Burnham,1M,/artist?id=163998,23,2021-07-08,5,5,2021-07-08,42,New,Welcome to the Internet,/track?id=48630625,https://www.tiktok.com/music/Welcome-to-the-Internet-6979788797013657602,Universal Music Group,2021-06-08,156,101110,151240,36,2021-07-10,5,0.0,USA2P2122073,2021-07-04,19
110593,23,-22.0,United States,Bo Burnham,1M,/artist?id=163998,23,2021-07-08,5,5,2021-07-08,103,69,All Eyes On Me,/track?id=48630622,https://www.tiktok.com/music/All-Eyes-On-Me-6968346828379015942,Universal Music Group,2021-06-08,174,52340,110590,103,2021-07-03,3,9.86,USA2P2122078,2021-07-04,19
110594,23,-22.0,United States,Bo Burnham,1M,/artist?id=163998,23,2021-07-08,5,5,2021-07-08,116,New,Bezos I,/track?id=48630663,https://www.tiktok.com/music/Bezos-I-Bezos-I-6980952307257199362,Universal Music Group,2021-06-08,190,48930,55570,4,2021-07-24,11,0.0,USA2P2122060,2021-07-04,19
110205,49,26.0,United States,Bo Burnham,600K,/artist?id=163998,23,2021-07-08,6,6,2021-07-15,36,6,Welcome to the Internet,/track?id=48630625,https://www.tiktok.com/music/Welcome-to-the-Internet-6979788797013657602,Universal Music Group,2021-06-08,131,111720,262960,36,2021-07-10,5,0.86,USA2P2122073,2021-07-11,19
110206,49,26.0,United States,Bo Burnham,600K,/artist?id=163998,23,2021-07-08,6,6,2021-07-15,39,77,Bezos I,/track?id=48630663,https://www.tiktok.com/music/Bezos-I-Bezos-I-6980952307257199362,Universal Music Group,2021-06-08,159,105610,161180,4,2021-07-24,11,11.0,USA2P2122060,2021-07-11,19
110207,49,26.0,United States,Bo Burnham,600K,/artist?id=163998,23,2021-07-08,6,6,2021-07-15,123,-20,All Eyes On Me,/track?id=48630622,https://www.tiktok.com/music/All-Eyes-On-Me-6968346828379015942,Universal Music Group,2021-06-08,162,43270,153850,103,2021-07-03,3,-2.86,USA2P2122078,2021-07-11,19
92314,420,153.0,United States,Remble,131K,/artist?id=3346658,236,2021-06-24,6,6,2021-07-15,136,New,Touchable,/track?id=48802299,https://www.tiktok.com/music/Touchable-6971438871202875394,Warner Music Group,2021-06-07,190,40520,77640,135,2021-07-24,5,0.0,USWB12101349,2021-07-11,34
110598,37,-12.0,United States,Bo Burnham,766K,/artist?id=163998,23,2021-07-08,7,7,2021-07-22,31,8,Bezos I,/track?id=48630663,https://www.tiktok.com/music/Bezos-I-Bezos-I-6980952307257199362,Universal Music Group,2021-06-08,118,149650,310830,4,2021-07-24,11,1.14,USA2P2122060,2021-07-18,19
110599,37,-12.0,United States,Bo Burnham,766K,/artist?id=163998,23,2021-07-08,7,7,2021-07-22,76,-40,Welcome to the Internet,/track?id=48630625,https://www.tiktok.com/music/Welcome-to-the-Internet-6979788797013657602,Universal Music Group,2021-06-08,112,68290,331250,36,2021-07-10,5,-5.71,USA2P2122073,2021-07-18,19
110600,37,-12.0,United States,Bo Burnham,766K,/artist?id=163998,23,2021-07-08,7,7,2021-07-22,79,New,Bezos I,/track?id=48630663,https://www.tiktok.com/music/Bezos-I-Bezos-I-6980952307257199362,Universal Music Group,2021-06-30,175,67140,98460,7,2021-07-24,7,0.0,USA2P2122060,2021-07-18,-3
92457,298,-122.0,United States,Remble,190K,/artist?id=3346658,236,2021-06-24,7,7,2021-07-22,143,-7,Touchable,/track?id=48802299,https://www.tiktok.com/music/Touchable-6971438871202875394,Warner Music Group,2021-06-07,164,38090,115730,135,2021-07-24,5,-1.0,USWB12101349,2021-07-18,34
110153,34,-3.0,United States,Bo Burnham,750K,/artist?id=163998,23,2021-07-08,8,8,2021-07-29,4,27,Bezos I,/track?id=48630663,https://www.tiktok.com/music/Bezos-I-Bezos-I-6980952307257199362,Universal Music Group,2021-06-08,62,491300,802130,4,2021-07-24,11,3.86,USA2P2122060,2021-07-25,19
110154,34,-3.0,United States,Bo Burnham,750K,/artist?id=163998,23,2021-07-08,8,8,2021-07-29,7,72,Bezos I,/track?id=48630663,https://www.tiktok.com/music/Bezos-I-Bezos-I-6980952307257199362,Universal Music Group,2021-06-30,86,364580,463040,7,2021-07-24,7,10.29,USA2P2122060,2021-07-25,-3
110155,34,-3.0,United States,Bo Burnham,750K,/artist?id=163998,23,2021-07-08,8,8,2021-07-29,120,-44,Welcome to the Internet,/track?id=48630625,https://www.tiktok.com/music/Welcome-to-the-Internet-6979788797013657602,Universal Music Group,2021-06-08,103,41810,373060,36,2021-07-10,5,-6.29,USA2P2122073,2021-07-25,19
92291,375,77.0,United States,Remble,136K,/artist?id=3346658,236,2021-06-24,8,8,2021-07-29,135,8,Touchable,/track?id=48802299,https://www.tiktok.com/music/Touchable-6971438871202875394,Warner Music Group,2021-06-07,148,37880,153600,135,2021-07-24,5,1.14,USWB12101349,2021-07-25,34
110512,26,-8.0,United States,Bo Burnham,991K,/artist?id=163998,23,2021-07-08,9,9,2021-08-05,5,-1,Bezos I,/track?id=48630663,https://www.tiktok.com/music/Bezos-I-Bezos-I-6980952307257199362,Universal Music Group,2021-06-08,45,372700,1170000,4,2021-07-24,11,-0.14,USA2P2122060,2021-08-01,19
110513,26,-8.0,United States,Bo Burnham,991K,/artist?id=163998,23,2021-07-08,9,9,2021-08-05,12,-5,Bezos I,/track?id=48630663,https://www.tiktok.com/music/Bezos-I-Bezos-I-6980952307257199362,Universal Music Group,2021-06-30,65,270820,733860,7,2021-07-24,7,-0.71,USA2P2122060,2021-08-01,-3
110514,26,-8.0,United States,Bo Burnham,991K,/artist?id=163998,23,2021-07-08,9,9,2021-08-05,163,-43,Welcome to the Internet,/track?id=48630625,https://www.tiktok.com/music/Welcome-to-the-Internet-6979788797013657602,Universal Music Group,2021-06-08,98,34280,407340,36,2021-07-10,5,-6.14,USA2P2122073,2021-08-01,19
92404,548,173.0,United States,Remble,103K,/artist?id=3346658,236,2021-06-24,9,9,2021-08-05,186,-51,Touchable,/track?id=48802299,https://www.tiktok.com/music/Touchable-6971438871202875394,Warner Music Group,2021-06-07,152,30410,184010,135,2021-07-24,5,-7.29,USWB12101349,2021-08-01,34
110484,175,149.0,United States,Bo Burnham,253K,/artist?id=163998,23,2021-07-08,10,10,2021-08-12,16,-11,Bezos I,/track?id=48630663,https://www.tiktok.com/music/Bezos-I-Bezos-I-6980952307257199362,Universal Music Group,2021-06-08,40,199850,1370000,4,2021-07-24,11,-1.57,USA2P2122060,2021-08-08,19
110485,175,149.0,United States,Bo Burnham,253K,/artist?id=163998,23,2021-07-08,10,10,2021-08-12,36,-24,Bezos I,/track?id=48630663,https://www.tiktok.com/music/Bezos-I-Bezos-I-6980952307257199362,Universal Music Group,2021-06-30,62,122950,856810,7,2021-07-24,7,-3.43,USA2P2122060,2021-08-08,-3
110350,716,541.0,United States,Bo Burnham,87K,/artist?id=163998,23,2021-07-08,11,11,2021-08-19,36,-20,Bezos I,/track?id=48630663,https://www.tiktok.com/music/Bezos-I-Bezos-I-6980952307257199362,Universal Music Group,2021-06-08,40,115320,1490000,4,2021-07-24,11,-2.86,USA2P2122060,2021-08-15,19
110351,716,541.0,United States,Bo Burnham,87K,/artist?id=163998,23,2021-07-08,11,11,2021-08-19,82,-46,Bezos I,/track?id=48630663,https://www.tiktok.com/music/Bezos-I-Bezos-I-6980952307257199362,Universal Music Group,2021-06-30,58,69250,926060,7,2021-07-24,7,-6.57,USA2P2122060,2021-08-15,-3
85202,175,-479.0,United States,Lesley Gore,266K,/artist?id=14560,175,2021-09-02,2,2,2021-09-02,160,New,"It's My Party - Live On The Ed Sullivan Show, October 13, 1963",/track?id=32344253,https://www.tiktok.com/music/It's-My-Party-Live-On-The-Ed-Sullivan-Show-October-13-1963-6931310991458535425,Universal Music Group,2020-12-10,189,36970,81270,160,2021-08-28,1,0.0,QZECT2002234,2021-08-29,262
92061,862,542.0,United States,Hot Freaks,90K,/artist?id=65027,175,2021-08-19,5,5,2021-09-09,63,New,Puppy Princess,/track?id=16305229,https://www.tiktok.com/music/Puppy-Princess-6841389339541243905,Warner Music Group,2021-08-26,193,73440,74120,63,2021-09-04,2,0.0,USHM81375767,2021-09-05,-18
87199,857,555.0,Unknown,Cassanova,80K,/artist?id=6836887,302,2021-09-09,2,2,2021-09-16,181,New,Nobody Breaks My Heart (Little Bit Remix),/track?id=57577369,https://www.tiktok.com/music/null,Music and Entertainment Rights Licensing Independent Network BV,2021-08-16,193,33750,57410,181,2021-09-11,1,0.0,USJ3V2080121,2021-09-12,27
68218,227,32.0,Unknown,Nova,210K,/artist?id=1117971,68,2021-08-12,6,6,2021-09-16,167,New,Not Around,/track?id=25045822,https://www.tiktok.com/music/Not-Around-6865153046846916609,"Stem Disintermedia, Inc.",2020-08-25,137,35720,298770,149,2021-09-18,3,0.0,QM24S1923377,2021-09-12,383
15731,142,,United Kingdom,Sam Gray,285K,/artist?id=312865,142,2021-09-16,1,1,2021-09-16,39,New,Unbreakable (with Sam Gray),/track?id=59679517,https://www.tiktok.com/music/Unbreakable-with-Sam-Gray-7000931679183325186,DistroKid,2021-08-26,174,139740,139740,3,2021-09-18,3,0.0,QZMEM2162513,2021-09-12,17
68255,586,359.0,Unknown,Nova,122K,/artist?id=1117971,68,2021-08-12,7,7,2021-09-23,149,18,Not Around,/track?id=25045822,https://www.tiktok.com/music/Not-Around-6865153046846916609,"Stem Disintermedia, Inc.",2020-08-25,117,39630,338410,149,2021-09-18,3,2.57,QM24S1923377,2021-09-19,383
15738,284,142.0,United Kingdom,Sam Gray,194K,/artist?id=312865,142,2021-09-16,2,2,2021-09-23,3,36,Unbreakable (with Sam Gray),/track?id=59679517,https://www.tiktok.com/music/Unbreakable-with-Sam-Gray-7000931679183325186,DistroKid,2021-08-26,89,408990,548730,3,2021-09-18,3,5.14,QZMEM2162513,2021-09-19,17
124944,589,,Unknown,lil.eaarl,122K,/artist?id=4092234,589,2021-09-23,1,1,2021-09-23,4,7,From Tha Back,/track?id=54250665,https://www.tiktok.com/music/From-Tha-Back-7076226083082799106,DistroKid,2021-07-21,43,364140,1120000,3,2022-02-19,31,1.0,QZK6L2175793,2021-09-19,-52
15587,710,,United Kingdom,Dent May,91K,/artist?id=199710,710,2021-09-30,1,1,2021-09-30,100,New,Something About You,/track?id=46968655,https://www.tiktok.com/music/Something-About-You-feat-Dent-May-6962068142092732418,Music and Entertainment Rights Licensing Independent Network BV,2021-05-13,183,61030,79460,4,2022-01-15,24,0.0,GBMYF2000174,2021-09-26,136
15742,274,-10.0,United Kingdom,Sam Gray,170K,/artist?id=312865,142,2021-09-16,3,3,2021-09-30,17,-14,Unbreakable (with Sam Gray),/track?id=59679517,https://www.tiktok.com/music/Unbreakable-with-Sam-Gray-7000931679183325186,DistroKid,2021-08-26,61,184630,733360,3,2021-09-18,3,-2.0,QZMEM2162513,2021-09-26,17
125069,459,-130.0,Unknown,lil.eaarl,120K,/artist?id=4092234,459,2021-09-30,2,2,2021-09-30,4,0,From Tha Back,/track?id=54250665,https://www.tiktok.com/music/From-Tha-Back-7076226083082799106,DistroKid,2021-07-21,29,438950,1550000,3,2022-02-19,31,0.0,QZK6L2175793,2021-09-26,-52
15613,549,-161.0,United Kingdom,Dent May,113K,/artist?id=199710,549,2021-10-07,2,2,2021-10-07,95,5,Something About You (feat. Dent May),/track?id=46968655,https://www.tiktok.com/music/Something-About-You-feat-Dent-May-6962068142092732418,Music and Entertainment Rights Licensing Independent Network BV,2021-05-13,155,67340,146800,4,2022-01-15,24,0.71,GBMYF2000174,2021-10-03,136
75109,6,1.0,Korea,LISA,3M,/artist?id=6996368,2,2021-09-16,4,4,2021-10-07,82,New,MONEY,/track?id=59708272,https://www.tiktok.com/music/Money-6897352971353327618,YG Entertainment,2021-09-08,178,75930,95990,54,2021-10-09,9,0.0,KRA402100099,2021-10-03,25
125132,709,250.0,Unknown,lil.eaarl,95K,/artist?id=4092234,459,2021-09-30,3,3,2021-10-07,4,0,From Tha Back,/track?id=54250665,https://www.tiktok.com/music/From-Tha-Back-7076226083082799106,DistroKid,2021-07-21,23,369270,1920000,3,2022-02-19,31,0.0,QZK6L2175793,2021-10-03,-52
15537,294,-255.0,United Kingdom,Dent May,192K,/artist?id=199710,294,2021-10-14,3,3,2021-10-14,92,3,Something About You (feat. Dent May),/track?id=46968655,https://www.tiktok.com/music/Something-About-You-feat-Dent-May-6962068142092732418,Music and Entertainment Rights Licensing Independent Network BV,2021-05-13,134,64349,211150,4,2022-01-15,24,0.43,GBMYF2000174,2021-10-10,136
75080,4,-2.0,Korea,LISA,3M,/artist?id=6996368,2,2021-09-16,5,5,2021-10-14,54,28,MONEY,/track?id=59708272,https://www.tiktok.com/music/Money-6897352971353327618,YG Entertainment,2021-09-08,140,99440,195430,54,2021-10-09,9,4.0,KRA402100099,2021-10-10,25
125004,948,239.0,Unknown,lil.eaarl,83K,/artist?id=4092234,459,2021-09-30,4,4,2021-10-14,14,-10,From Tha Back,/track?id=54250665,https://www.tiktok.com/music/From-Tha-Back-7076226083082799106,DistroKid,2021-07-21,22,283680,2210000,3,2022-02-19,31,-1.43,QZK6L2175793,2021-10-10,-52
97761,212,24.0,Unknown,23,251K,/artist?id=7185887,173,2021-10-07,3,3,2021-10-21,156,New,Pink Soldiers,/track?id=61266966,https://www.tiktok.com/music/Pink-Soldiers-7011006288477816834,Genie Music Corporation,2021-09-22,166,46550,100370,89,2021-10-30,4,0.0,KRA492100881,2021-10-17,25
15396,247,-47.0,United Kingdom,Dent May,221K,/artist?id=199710,247,2021-10-21,4,4,2021-10-21,85,7,Something About You (feat. Dent May),/track?id=46968655,https://www.tiktok.com/music/Something-About-You-feat-Dent-May-6962068142092732418,Music and Entertainment Rights Licensing Independent Network BV,2021-05-13,112,70390,281540,4,2022-01-15,24,1.0,GBMYF2000174,2021-10-17,136
96497,158,,United States,JBroadway,305K,/artist?id=3436796,158,2021-10-21,1,1,2021-10-21,138,New,My Humps - JBroadway Remix,/track?id=63929004,https://www.tiktok.com/music/My-Humps-JBroadway-Remix-7016536810943744001,Universal Music Group,2021-10-07,176,51780,63580,24,2021-10-23,9,0.0,USUM72118979,2021-10-17,10
75036,8,4.0,Korea,LISA,2M,/artist?id=6996368,2,2021-09-16,6,6,2021-10-21,60,-6,MONEY,/track?id=59708272,https://www.tiktok.com/music/Money-6897352971353327618,YG Entertainment,2021-09-08,111,98080,293500,54,2021-10-09,9,-0.86,KRA402100099,2021-10-17,25
97771,425,213.0,Unknown,23,150K,/artist?id=7185887,173,2021-10-07,4,4,2021-10-28,100,56,Pink Soldiers,/track?id=61266966,https://www.tiktok.com/music/Pink-Soldiers-7011006288477816834,Genie Music Corporation,2021-09-22,145,60700,161070,89,2021-10-30,4,8.0,KRA492100881,2021-10-24,25
15581,359,112.0,United Kingdom,Dent May,173K,/artist?id=199710,247,2021-10-21,5,5,2021-10-28,69,16,Something About You (feat. Dent May),/track?id=46968655,https://www.tiktok.com/music/Something-About-You-feat-Dent-May-6962068142092732418,Music and Entertainment Rights Licensing Independent Network BV,2021-05-13,92,87840,369380,4,2022-01-15,24,2.29,GBMYF2000174,2021-10-24,136
75096,3,-5.0,Korea,LISA,4M,/artist?id=6996368,2,2021-09-16,7,7,2021-10-28,84,-24,MONEY,/track?id=59708272,https://www.tiktok.com/music/Money-6897352971353327618,YG Entertainment,2021-09-08,94,73520,367020,54,2021-10-09,9,-3.43,KRA402100099,2021-10-24,25
15510,900,541.0,United Kingdom,Dent May,96K,/artist?id=199710,247,2021-10-21,6,6,2021-11-04,65,4,Something About You (feat. Dent May),/track?id=46968655,https://www.tiktok.com/music/Something-About-You-feat-Dent-May-6962068142092732418,Music and Entertainment Rights Licensing Independent Network BV,2021-05-13,92,95700,465070,4,2022-01-15,24,0.57,GBMYF2000174,2021-10-31,136
75061,7,4.0,Korea,LISA,2M,/artist?id=6996368,2,2021-09-16,8,8,2021-11-04,100,-16,MONEY,/track?id=59708272,https://www.tiktok.com/music/Money-6897352971353327618,YG Entertainment,2021-09-08,96,69670,436690,54,2021-10-09,9,-2.29,KRA402100099,2021-10-31,25
10943,33,13.0,United States,The Walters,1M,/artist?id=7848,20,2021-10-28,7,7,2021-11-04,160,New,I Love You So,/track?id=14312336,https://www.tiktok.com/music/I-Love-You-So-6780888735685806081,Warner Music Group,2021-10-20,192,43890,69210,112,2021-11-06,15,0.0,TCACC1438995,2021-10-31,-24
15477,665,-235.0,United Kingdom,Dent May,98K,/artist?id=199710,247,2021-10-21,7,7,2021-11-11,68,-3,Something About You (feat. Dent May),/track?id=46968655,https://www.tiktok.com/music/Something-About-You-feat-Dent-May-6962068142092732418,Music and Entertainment Rights Licensing Independent Network BV,2021-05-13,84,85940,551010,4,2022-01-15,24,-0.43,GBMYF2000174,2021-11-07,136
75048,22,15.0,Korea,LISA,1M,/artist?id=6996368,2,2021-09-16,9,9,2021-11-11,121,-21,MONEY,/track?id=59708272,https://www.tiktok.com/music/Money-6897352971353327618,YG Entertainment,2021-09-08,92,51950,488640,54,2021-10-09,9,-3.0,KRA402100099,2021-11-07,25
10900,49,16.0,United States,The Walters,806K,/artist?id=7848,20,2021-10-28,8,8,2021-11-11,112,48,I Love You So,/track?id=14312336,https://www.tiktok.com/music/I-Love-You-So-6780888735685806081,Warner Music Group,2021-10-20,157,55190,124390,112,2021-11-06,15,6.86,TCACC1438995,2021-11-07,-24
75067,91,69.0,Korea,LISA,615K,/artist?id=6996368,2,2021-09-16,10,10,2021-11-18,157,-36,MONEY,/track?id=59708272,https://www.tiktok.com/music/Money-6897352971353327618,YG Entertainment,2021-09-08,74,41280,529920,54,2021-10-09,9,-5.14,KRA402100099,2021-11-14,25
10994,58,9.0,United States,The Walters,852K,/artist?id=7848,20,2021-10-28,9,9,2021-11-18,126,-14,I Love You So,/track?id=14312336,https://www.tiktok.com/music/I-Love-You-So-6780888735685806081,Warner Music Group,2021-10-20,126,49720,174110,112,2021-11-06,15,-2.0,TCACC1438995,2021-11-14,-24
11007,154,96.0,United States,The Walters,471K,/artist?id=7848,20,2021-10-28,10,10,2021-11-25,157,-31,I Love You So,/track?id=14312336,https://www.tiktok.com/music/I-Love-You-So-6780888735685806081,Warner Music Group,2021-10-20,135,40070,214180,112,2021-11-06,15,-4.43,TCACC1438995,2021-11-21,-24
11121,369,215.0,United States,The Walters,230K,/artist?id=7848,20,2021-10-28,11,11,2021-12-02,173,-16,I Love You So,/track?id=14312336,https://www.tiktok.com/music/I-Love-You-So-6780888735685806081,Warner Music Group,2021-10-20,138,47050,261220,112,2021-11-06,15,-2.29,TCACC1438995,2021-11-28,-24
10842,290,-79.0,United States,The Walters,348K,/artist?id=7848,20,2021-10-28,12,12,2021-12-09,159,14,I Love You So,/track?id=14312336,https://www.tiktok.com/music/I-Love-You-So-6780888735685806081,Warner Music Group,2021-10-20,128,38810,300040,112,2021-11-06,15,2.0,TCACC1438995,2021-12-05,-24
106613,845,,United States,The 502s,129K,/artist?id=338349,845,2021-12-16,1,1,2021-12-16,183,New,Just A Little While,/track?id=55524484,https://www.tiktok.com/music/Just-A-Little-While-6977799334256396289,Music and Entertainment Rights Licensing Independent Network BV,2021-06-24,198,31770,32340,115,2021-12-18,2,0.0,GBRKQ2115512,2021-12-12,171
11129,750,460.0,United States,The Walters,143K,/artist?id=7848,20,2021-10-28,13,13,2021-12-16,139,20,I Love You So,/track?id=14312336,https://www.tiktok.com/music/I-Love-You-So-6780888735685806081,Warner Music Group,2021-10-20,122,41240,341280,112,2021-11-06,15,2.86,TCACC1438995,2021-12-12,-24
31222,498,,United States,Saucy Santana,191K,/artist?id=1702237,498,2021-12-23,1,1,2021-12-23,137,-37,Material Girl (Bass Boosted),/track?id=66161051,https://www.tiktok.com/music/null,Music and Entertainment Rights Licensing Independent Network BV,2021-11-03,115,46570,327880,39,2022-01-15,27,-5.29,QZ5FA2150318,2021-12-19,-108
106600,475,-370.0,United States,The 502s,197K,/artist?id=338349,475,2021-12-23,2,2,2021-12-23,115,68,Just A Little While,/track?id=55524484,https://www.tiktok.com/music/Just-A-Little-While-6977799334256396289,Music and Entertainment Rights Licensing Independent Network BV,2021-06-24,177,52070,84410,115,2021-12-18,2,9.71,GBRKQ2115512,2021-12-19,171
6805,7,-196.0,United States,Adassa,2M,/artist?id=479258,7,2022-01-06,6,6,2022-01-06,55,New,We Don't Talk About Bruno,/track?id=66986384,https://www.tiktok.com/music/We-Don't-Talk-About-Bruno-7032019094467512322,Universal Music Group,2021-11-11,167,101050,155410,2,2022-02-05,18,0.0,USWD12112915,2022-01-02,52
4721,1,-153.0,Colombia,Carolina Gaitán - La Gaita,2M,/artist?id=644506,1,2022-01-06,4,4,2022-01-06,55,New,We Don't Talk About Bruno,/track?id=66986384,https://www.tiktok.com/music/We-Don't-Talk-About-Bruno-7032019094467512322,Universal Music Group,2021-11-11,167,101050,155410,2,2022-02-05,18,0.0,USWD12112915,2022-01-02,52
6592,8,-192.0,Unknown,Diane Guerrero,2M,/artist?id=8034773,8,2022-01-06,4,4,2022-01-06,55,New,We Don't Talk About Bruno,/track?id=66986384,https://www.tiktok.com/music/We-Don't-Talk-About-Bruno-7032019094467512322,Universal Music Group,2021-11-11,167,101050,155410,2,2022-02-05,18,0.0,USWD12112915,2022-01-02,52
996,2,-180.0,Unknown,Encanto - Cast,2M,/artist?id=8027516,2,2022-01-06,6,6,2022-01-06,55,New,We Don't Talk About Bruno,/track?id=66986384,https://www.tiktok.com/music/We-Don't-Talk-About-Bruno-7032019094467512322,Universal Music Group,2021-11-11,167,101050,155410,2,2022-02-05,18,0.0,USWD12112915,2022-01-02,52
4925,11,-127.0,Colombia,Mauro Castillo,2M,/artist?id=201416,11,2022-01-06,6,6,2022-01-06,55,New,We Don't Talk About Bruno,/track?id=66986384,https://www.tiktok.com/music/We-Don't-Talk-About-Bruno-7032019094467512322,Universal Music Group,2021-11-11,167,101050,155410,2,2022-02-05,18,0.0,USWD12112915,2022-01-02,52
7013,10,-202.0,Unknown,Rhenzy Feliz,2M,/artist?id=8034772,10,2022-01-06,4,4,2022-01-06,55,New,We Don't Talk About Bruno,/track?id=66986384,https://www.tiktok.com/music/We-Don't-Talk-About-Bruno-7032019094467512322,Universal Music Group,2021-11-11,167,101050,155410,2,2022-02-05,18,0.0,USWD12112915,2022-01-02,52
6794,11,4.0,United States,Adassa,2M,/artist?id=479258,7,2022-01-06,7,7,2022-01-13,19,36,We Don't Talk About Bruno,/track?id=66986384,https://www.tiktok.com/music/We-Don't-Talk-About-Bruno-7032019094467512322,Universal Music Group,2021-11-11,112,196430,351840,2,2022-02-05,18,5.14,USWD12112915,2022-01-09,52
4710,7,6.0,Colombia,Carolina Gaitán - La Gaita,3M,/artist?id=644506,1,2022-01-06,5,5,2022-01-13,19,36,We Don't Talk About Bruno,/track?id=66986384,https://www.tiktok.com/music/We-Don't-Talk-About-Bruno-7032019094467512322,Universal Music Group,2021-11-11,112,196430,351840,2,2022-02-05,18,5.14,USWD12112915,2022-01-09,52
6581,12,4.0,Unknown,Diane Guerrero,2M,/artist?id=8034773,8,2022-01-06,5,5,2022-01-13,19,36,We Don't Talk About Bruno,/track?id=66986384,https://www.tiktok.com/music/We-Don't-Talk-About-Bruno-7032019094467512322,Universal Music Group,2021-11-11,112,196430,351840,2,2022-02-05,18,5.14,USWD12112915,2022-01-09,52
978,9,7.0,Unknown,Encanto - Cast,2M,/artist?id=8027516,2,2022-01-06,7,7,2022-01-13,19,36,We Don't Talk About Bruno,/track?id=66986384,https://www.tiktok.com/music/We-Don't-Talk-About-Bruno-7032019094467512322,Universal Music Group,2021-11-11,112,196430,351840,2,2022-02-05,18,5.14,USWD12112915,2022-01-09,52
979,9,7.0,Unknown,Encanto - Cast,2M,/artist?id=8027516,2,2022-01-06,7,7,2022-01-13,79,New,The Family Madrigal,/track?id=66944665,https://www.tiktok.com/music/The-Family-Madrigal-7032019092575881218,Universal Music Group,2021-11-11,174,63410,96600,69,2022-02-12,9,0.0,USWD12112911,2022-01-09,52
10131,17,-11.0,Unknown,Jessica Darrow,1M,/artist?id=8027517,17,2022-01-13,5,5,2022-01-13,71,New,Surface Pressure,/track?id=66944652,https://www.tiktok.com/music/Surface-Pressure-7032019094043904001,Universal Music Group,2021-11-11,163,70690,126480,71,2022-01-08,6,0.0,USWD12112914,2022-01-09,59
4914,8,-3.0,Colombia,Mauro Castillo,2M,/artist?id=201416,8,2022-01-13,7,7,2022-01-13,19,36,We Don't Talk About Bruno,/track?id=66986384,https://www.tiktok.com/music/We-Don't-Talk-About-Bruno-7032019094467512322,Universal Music Group,2021-11-11,112,196430,351840,2,2022-02-05,18,5.14,USWD12112915,2022-01-09,52
7002,13,3.0,Unknown,Rhenzy Feliz,2M,/artist?id=8034772,10,2022-01-06,5,5,2022-01-13,19,36,We Don't Talk About Bruno,/track?id=66986384,https://www.tiktok.com/music/We-Don't-Talk-About-Bruno-7032019094467512322,Universal Music Group,2021-11-11,112,196430,351840,2,2022-02-05,18,5.14,USWD12112915,2022-01-09,52
40306,315,-317.0,Unknown,Sugey Torres,184K,/artist?id=8027597,315,2022-01-13,2,2,2022-01-13,160,New,En lo profundo/Peso,/track?id=66944188,https://www.tiktok.com/music/En-lo-profundoPeso-7032019026092787713,Universal Music Group,2021-11-16,189,36370,62620,160,2022-01-08,1,0.0,USWD12113170,2022-01-09,54
6770,8,-3.0,United States,Adassa,3M,/artist?id=479258,7,2022-01-06,8,8,2022-01-20,14,5,We Don't Talk About Bruno,/track?id=66986384,https://www.tiktok.com/music/We-Don't-Talk-About-Bruno-7032019094467512322,Universal Music Group,2021-11-11,85,226510,578350,2,2022-02-05,18,0.71,USWD12112915,2022-01-16,52
6771,8,-3.0,United States,Adassa,3M,/artist?id=479258,7,2022-01-06,8,8,2022-01-20,151,New,All Of You,/track?id=66959729,https://www.tiktok.com/music/All-Of-You-7032019111727073281,Universal Music Group,2021-11-11,185,34860,76000,151,2022-01-15,1,0.0,USWD12112918,2022-01-16,52
14592,46,25.0,Unknown,Arcane,817K,/artist?id=7901040,2,2021-11-25,10,10,2022-01-20,183,New,Enemy feat. J.I.D. (from the series Arcane League of Legends),/track?id=65244227,https://www.tiktok.com/music/Enemy-from-the-series-Arcane-League-of-Legends-7023061500537341954,"Q&A Media, Inc.",2021-11-05,186,30410,73940,183,2022-01-15,2,0.0,USUM72119916,2022-01-16,72
4688,4,-3.0,Colombia,Carolina Gaitán - La Gaita,3M,/artist?id=644506,1,2022-01-06,6,6,2022-01-20,14,5,We Don't Talk About Bruno,/track?id=66986384,https://www.tiktok.com/music/We-Don't-Talk-About-Bruno-7032019094467512322,Universal Music Group,2021-11-11,85,226510,578350,2,2022-02-05,18,0.71,USWD12112915,2022-01-16,52
6559,9,-3.0,Unknown,Diane Guerrero,3M,/artist?id=8034773,8,2022-01-06,6,6,2022-01-20,14,5,We Don't Talk About Bruno,/track?id=66986384,https://www.tiktok.com/music/We-Don't-Talk-About-Bruno-7032019094467512322,Universal Music Group,2021-11-11,85,226510,578350,2,2022-02-05,18,0.71,USWD12112915,2022-01-16,52
945,5,-4.0,Unknown,Encanto - Cast,3M,/artist?id=8027516,2,2022-01-06,8,8,2022-01-20,14,5,We Don't Talk About Bruno,/track?id=66986384,https://www.tiktok.com/music/We-Don't-Talk-About-Bruno-7032019094467512322,Universal Music Group,2021-11-11,85,226510,578350,2,2022-02-05,18,0.71,USWD12112915,2022-01-16,52
946,5,-4.0,Unknown,Encanto - Cast,3M,/artist?id=8027516,2,2022-01-06,8,8,2022-01-20,74,5,The Family Madrigal,/track?id=66944665,https://www.tiktok.com/music/The-Family-Madrigal-7032019092575881218,Universal Music Group,2021-11-11,152,66570,163180,69,2022-02-12,9,0.71,USWD12112911,2022-01-16,52
10123,14,-3.0,Unknown,Jessica Darrow,2M,/artist?id=8027517,14,2022-01-20,6,6,2022-01-20,92,-21,Surface Pressure,/track?id=66944652,https://www.tiktok.com/music/Surface-Pressure-7032019094043904001,Universal Music Group,2021-11-11,149,54120,180600,71,2022-01-08,6,-3.0,USWD12112914,2022-01-16,59
4892,10,2.0,Colombia,Mauro Castillo,2M,/artist?id=201416,8,2022-01-13,8,8,2022-01-20,14,5,We Don't Talk About Bruno,/track?id=66986384,https://www.tiktok.com/music/We-Don't-Talk-About-Bruno-7032019094467512322,Universal Music Group,2021-11-11,85,226510,578350,2,2022-02-05,18,0.71,USWD12112915,2022-01-16,52
6980,3,-10.0,Unknown,Rhenzy Feliz,3M,/artist?id=8034772,3,2022-01-20,6,6,2022-01-20,14,5,We Don't Talk About Bruno,/track?id=66986384,https://www.tiktok.com/music/We-Don't-Talk-About-Bruno-7032019094467512322,Universal Music Group,2021-11-11,85,226510,578350,2,2022-02-05,18,0.71,USWD12112915,2022-01-16,52
6757,7,-1.0,United States,Adassa,3M,/artist?id=479258,7,2022-01-27,9,9,2022-01-27,20,-6,We Don't Talk About Bruno,/track?id=66986384,https://www.tiktok.com/music/We-Don't-Talk-About-Bruno-7032019094467512322,Universal Music Group,2021-11-11,71,213750,792090,2,2022-02-05,18,-0.86,USWD12112915,2022-01-23,52
14562,38,-8.0,Unknown,Arcane,932K,/artist?id=7901040,2,2021-11-25,11,11,2022-01-27,189,-6,Enemy feat. J.I.D. (from the series Arcane League of Legends),/track?id=65244227,https://www.tiktok.com/music/Enemy-from-the-series-Arcane-League-of-Legends-7023061500537341954,"Q&A Media, Inc.",2021-11-05,176,33970,107910,183,2022-01-15,2,-0.86,USUM72119916,2022-01-23,72
4675,2,-2.0,Colombia,Carolina Gaitán - La Gaita,3M,/artist?id=644506,1,2022-01-06,7,7,2022-01-27,20,-6,We Don't Talk About Bruno,/track?id=66986384,https://www.tiktok.com/music/We-Don't-Talk-About-Bruno-7032019094467512322,Universal Music Group,2021-11-11,71,213750,792090,2,2022-02-05,18,-0.86,USWD12112915,2022-01-23,52
6546,9,0.0,Unknown,Diane Guerrero,3M,/artist?id=8034773,8,2022-01-06,7,7,2022-01-27,20,-6,We Don't Talk About Bruno,/track?id=66986384,https://www.tiktok.com/music/We-Don't-Talk-About-Bruno-7032019094467512322,Universal Music Group,2021-11-11,71,213750,792090,2,2022-02-05,18,-0.86,USWD12112915,2022-01-23,52
924,4,-1.0,Unknown,Encanto - Cast,3M,/artist?id=8027516,2,2022-01-06,9,9,2022-01-27,20,-6,We Don't Talk About Bruno,/track?id=66986384,https://www.tiktok.com/music/We-Don't-Talk-About-Bruno-7032019094467512322,Universal Music Group,2021-11-11,71,213750,792090,2,2022-02-05,18,-0.86,USWD12112915,2022-01-23,52
925,4,-1.0,Unknown,Encanto - Cast,3M,/artist?id=8027516,2,2022-01-06,9,9,2022-01-27,105,-31,The Family Madrigal,/track?id=66944665,https://www.tiktok.com/music/The-Family-Madrigal-7032019092575881218,Universal Music Group,2021-11-11,139,61190,224360,69,2022-02-12,9,-4.43,USWD12112911,2022-01-23,52
10118,16,2.0,Unknown,Jessica Darrow,2M,/artist?id=8027517,14,2022-01-20,7,7,2022-01-27,133,-41,Surface Pressure,/track?id=66944652,https://www.tiktok.com/music/Surface-Pressure-7032019094043904001,Universal Music Group,2021-11-11,135,46570,227170,71,2022-01-08,6,-5.86,USWD12112914,2022-01-23,59
4879,3,-7.0,Colombia,Mauro Castillo,3M,/artist?id=201416,3,2022-01-27,9,9,2022-01-27,20,-6,We Don't Talk About Bruno,/track?id=66986384,https://www.tiktok.com/music/We-Don't-Talk-About-Bruno-7032019094467512322,Universal Music Group,2021-11-11,71,213750,792090,2,2022-02-05,18,-0.86,USWD12112915,2022-01-23,52
6967,10,7.0,Unknown,Rhenzy Feliz,3M,/artist?id=8034772,3,2022-01-20,7,7,2022-01-27,20,-6,We Don't Talk About Bruno,/track?id=66986384,https://www.tiktok.com/music/We-Don't-Talk-About-Bruno-7032019094467512322,Universal Music Group,2021-11-11,71,213750,792090,2,2022-02-05,18,-0.86,USWD12112915,2022-01-23,52
6652,11,4.0,United States,Adassa,2M,/artist?id=479258,7,2022-01-27,10,10,2022-02-03,21,-1,We Don't Talk About Bruno,/track?id=66986384,https://www.tiktok.com/music/We-Don't-Talk-About-Bruno-7032019094467512322,Universal Music Group,2021-11-11,54,204500,996590,2,2022-02-05,18,-0.14,USWD12112915,2022-01-30,52
4593,6,4.0,Colombia,Carolina Gaitán - La Gaita,2M,/artist?id=644506,1,2022-01-06,8,8,2022-02-03,21,-1,We Don't Talk About Bruno,/track?id=66986384,https://www.tiktok.com/music/We-Don't-Talk-About-Bruno-7032019094467512322,Universal Music Group,2021-11-11,54,204500,996590,2,2022-02-05,18,-0.14,USWD12112915,2022-01-30,52
6464,9,0.0,Unknown,Diane Guerrero,2M,/artist?id=8034773,8,2022-01-06,8,8,2022-02-03,21,-1,We Don't Talk About Bruno,/track?id=66986384,https://www.tiktok.com/music/We-Don't-Talk-About-Bruno-7032019094467512322,Universal Music Group,2021-11-11,54,204500,996590,2,2022-02-05,18,-0.14,USWD12112915,2022-01-30,52
773,3,-1.0,Unknown,Encanto - Cast,2M,/artist?id=8027516,2,2022-01-06,10,10,2022-02-03,21,-1,We Don't Talk About Bruno,/track?id=66986384,https://www.tiktok.com/music/We-Don't-Talk-About-Bruno-7032019094467512322,Universal Music Group,2021-11-11,54,204500,996590,2,2022-02-05,18,-0.14,USWD12112915,2022-01-30,52
774,3,-1.0,Unknown,Encanto - Cast,2M,/artist?id=8027516,2,2022-01-06,10,10,2022-02-03,121,-16,The Family Madrigal,/track?id=66944665,https://www.tiktok.com/music/The-Family-Madrigal-7032019092575881218,Universal Music Group,2021-11-11,126,47560,271920,69,2022-02-12,9,-2.29,USWD12112911,2022-01-30,52
10090,24,8.0,Unknown,Jessica Darrow,1M,/artist?id=8027517,14,2022-01-20,8,8,2022-02-03,165,-32,Surface Pressure,/track?id=66944652,https://www.tiktok.com/music/Surface-Pressure-7032019094043904001,Universal Music Group,2021-11-11,129,35530,262700,71,2022-01-08,6,-4.57,USWD12112914,2022-01-30,59
4780,7,4.0,Colombia,Mauro Castillo,2M,/artist?id=201416,3,2022-01-27,10,10,2022-02-03,21,-1,We Don't Talk About Bruno,/track?id=66986384,https://www.tiktok.com/music/We-Don't-Talk-About-Bruno-7032019094467512322,Universal Music Group,2021-11-11,54,204500,996590,2,2022-02-05,18,-0.14,USWD12112915,2022-01-30,52
6885,12,2.0,Unknown,Rhenzy Feliz,2M,/artist?id=8034772,3,2022-01-20,8,8,2022-02-03,21,-1,We Don't Talk About Bruno,/track?id=66986384,https://www.tiktok.com/music/We-Don't-Talk-About-Bruno-7032019094467512322,Universal Music Group,2021-11-11,54,204500,996590,2,2022-02-05,18,-0.14,USWD12112915,2022-01-30,52
6729,20,9.0,United States,Adassa,1M,/artist?id=479258,7,2022-01-27,11,11,2022-02-10,2,19,We Don't Talk About Bruno,/track?id=66986384,https://www.tiktok.com/music/We-Don't-Talk-About-Bruno-7032019094467512322,Universal Music Group,2021-11-11,38,470820,1470000,2,2022-02-05,18,2.71,USWD12112915,2022-02-06,52
4649,19,13.0,Colombia,Carolina Gaitán - La Gaita,2M,/artist?id=644506,1,2022-01-06,9,9,2022-02-10,2,19,We Don't Talk About Bruno,/track?id=66986384,https://www.tiktok.com/music/We-Don't-Talk-About-Bruno-7032019094467512322,Universal Music Group,2021-11-11,38,470820,1470000,2,2022-02-05,18,2.71,USWD12112915,2022-02-06,52
6520,21,12.0,Unknown,Diane Guerrero,1M,/artist?id=8034773,8,2022-01-06,9,9,2022-02-10,2,19,We Don't Talk About Bruno,/track?id=66986384,https://www.tiktok.com/music/We-Don't-Talk-About-Bruno-7032019094467512322,Universal Music Group,2021-11-11,38,470820,1470000,2,2022-02-05,18,2.71,USWD12112915,2022-02-06,52
884,13,10.0,Unknown,Encanto - Cast,2M,/artist?id=8027516,2,2022-01-06,11,11,2022-02-10,2,19,We Don't Talk About Bruno,/track?id=66986384,https://www.tiktok.com/music/We-Don't-Talk-About-Bruno-7032019094467512322,Universal Music Group,2021-11-11,38,470820,1470000,2,2022-02-05,18,2.71,USWD12112915,2022-02-06,52
885,13,10.0,Unknown,Encanto - Cast,2M,/artist?id=8027516,2,2022-01-06,11,11,2022-02-10,99,22,The Family Madrigal,/track?id=66944665,https://www.tiktok.com/music/The-Family-Madrigal-7032019092575881218,Universal Music Group,2021-11-11,118,58130,330040,69,2022-02-12,9,3.14,USWD12112911,2022-02-06,52
10110,92,68.0,Unknown,Jessica Darrow,663K,/artist?id=8027517,14,2022-01-20,9,9,2022-02-10,193,-28,Surface Pressure,/track?id=66944652,https://www.tiktok.com/music/Surface-Pressure-7032019094043904001,Universal Music Group,2021-11-11,123,33440,296140,71,2022-01-08,6,-4.0,USWD12112914,2022-02-06,59
4853,18,11.0,Colombia,Mauro Castillo,2M,/artist?id=201416,3,2022-01-27,11,11,2022-02-10,2,19,We Don't Talk About Bruno,/track?id=66986384,https://www.tiktok.com/music/We-Don't-Talk-About-Bruno-7032019094467512322,Universal Music Group,2021-11-11,38,470820,1470000,2,2022-02-05,18,2.71,USWD12112915,2022-02-06,52
6941,28,16.0,Unknown,Rhenzy Feliz,1M,/artist?id=8034772,3,2022-01-20,9,9,2022-02-10,2,19,We Don't Talk About Bruno,/track?id=66986384,https://www.tiktok.com/music/We-Don't-Talk-About-Bruno-7032019094467512322,Universal Music Group,2021-11-11,38,470820,1470000,2,2022-02-05,18,2.71,USWD12112915,2022-02-06,52
6674,46,26.0,United States,Adassa,883K,/artist?id=479258,7,2022-01-27,12,12,2022-02-17,7,-5,We Don't Talk About Bruno,/track?id=66986384,https://www.tiktok.com/music/We-Don't-Talk-About-Bruno-7032019094467512322,Universal Music Group,2021-11-11,29,353280,1820000,2,2022-02-05,18,-0.71,USWD12112915,2022-02-13,52
4614,47,28.0,Colombia,Carolina Gaitán - La Gaita,870K,/artist?id=644506,1,2022-01-06,10,10,2022-02-17,7,-5,We Don't Talk About Bruno,/track?id=66986384,https://www.tiktok.com/music/We-Don't-Talk-About-Bruno-7032019094467512322,Universal Music Group,2021-11-11,29,353280,1820000,2,2022-02-05,18,-0.71,USWD12112915,2022-02-13,52
6485,38,17.0,Unknown,Diane Guerrero,959K,/artist?id=8034773,8,2022-01-06,10,10,2022-02-17,7,-5,We Don't Talk About Bruno,/track?id=66986384,https://www.tiktok.com/music/We-Don't-Talk-About-Bruno-7032019094467512322,Universal Music Group,2021-11-11,29,353280,1820000,2,2022-02-05,18,-0.71,USWD12112915,2022-02-13,52
804,61,48.0,Unknown,Encanto - Cast,768K,/artist?id=8027516,2,2022-01-06,12,12,2022-02-17,7,-5,We Don't Talk About Bruno,/track?id=66986384,https://www.tiktok.com/music/We-Don't-Talk-About-Bruno-7032019094467512322,Universal Music Group,2021-11-11,29,353280,1820000,2,2022-02-05,18,-0.71,USWD12112915,2022-02-13,52
805,61,48.0,Unknown,Encanto - Cast,768K,/artist?id=8027516,2,2022-01-06,12,12,2022-02-17,69,30,The Family Madrigal,/track?id=66944665,https://www.tiktok.com/music/The-Family-Madrigal-7032019092575881218,Universal Music Group,2021-11-11,105,78860,408910,69,2022-02-12,9,4.29,USWD12112911,2022-02-13,52
10097,386,294.0,Unknown,Jessica Darrow,228K,/artist?id=8027517,14,2022-01-20,10,10,2022-02-17,159,34,Surface Pressure,/track?id=66944652,https://www.tiktok.com/music/Surface-Pressure-7032019094043904001,Universal Music Group,2021-11-11,120,34740,330880,71,2022-01-08,6,4.86,USWD12112914,2022-02-13,59
4801,48,30.0,Colombia,Mauro Castillo,869K,/artist?id=201416,3,2022-01-27,12,12,2022-02-17,7,-5,We Don't Talk About Bruno,/track?id=66986384,https://www.tiktok.com/music/We-Don't-Talk-About-Bruno-7032019094467512322,Universal Music Group,2021-11-11,29,353280,1820000,2,2022-02-05,18,-0.71,USWD12112915,2022-02-13,52
6906,29,1.0,Unknown,Rhenzy Feliz,1M,/artist?id=8034772,3,2022-01-20,10,10,2022-02-17,7,-5,We Don't Talk About Bruno,/track?id=66986384,https://www.tiktok.com/music/We-Don't-Talk-About-Bruno-7032019094467512322,Universal Music Group,2021-11-11,29,353280,1820000,2,2022-02-05,18,-0.71,USWD12112915,2022-02-13,52
6821,746,700.0,United States,Adassa,125K,/artist?id=479258,7,2022-01-27,13,13,2022-02-24,8,-1,We Don't Talk About Bruno,/track?id=66986384,https://www.tiktok.com/music/We-Don't-Talk-About-Bruno-7032019094467512322,Universal Music Group,2021-11-11,23,257750,2080000,2,2022-02-05,18,-0.14,USWD12112915,2022-02-20,52
4736,377,330.0,Colombia,Carolina Gaitán - La Gaita,202K,/artist?id=644506,1,2022-01-06,11,11,2022-02-24,8,-1,We Don't Talk About Bruno,/track?id=66986384,https://www.tiktok.com/music/We-Don't-Talk-About-Bruno-7032019094467512322,Universal Music Group,2021-11-11,23,257750,2080000,2,2022-02-05,18,-0.14,USWD12112915,2022-02-20,52
6607,459,421.0,Unknown,Diane Guerrero,178K,/artist?id=8034773,8,2022-01-06,11,11,2022-02-24,8,-1,We Don't Talk About Bruno,/track?id=66986384,https://www.tiktok.com/music/We-Don't-Talk-About-Bruno-7032019094467512322,Universal Music Group,2021-11-11,23,257750,2080000,2,2022-02-05,18,-0.14,USWD12112915,2022-02-20,52
1018,225,164.0,Unknown,Encanto - Cast,283K,/artist?id=8027516,2,2022-01-06,13,13,2022-02-24,8,-1,We Don't Talk About Bruno,/track?id=66986384,https://www.tiktok.com/music/We-Don't-Talk-About-Bruno-7032019094467512322,Universal Music Group,2021-11-11,23,257750,2080000,2,2022-02-05,18,-0.14,USWD12112915,2022-02-20,52
1019,225,164.0,Unknown,Encanto - Cast,283K,/artist?id=8027516,2,2022-01-06,13,13,2022-02-24,102,-33,The Family Madrigal,/track?id=66944665,https://www.tiktok.com/music/The-Family-Madrigal-7032019092575881218,Universal Music Group,2021-11-11,87,58970,467870,69,2022-02-12,9,-4.71,USWD12112911,2022-02-20,52
4940,592,544.0,Colombia,Mauro Castillo,149K,/artist?id=201416,3,2022-01-27,13,13,2022-02-24,8,-1,We Don't Talk About Bruno,/track?id=66986384,https://www.tiktok.com/music/We-Don't-Talk-About-Bruno-7032019094467512322,Universal Music Group,2021-11-11,23,257750,2080000,2,2022-02-05,18,-0.14,USWD12112915,2022-02-20,52
7028,890,861.0,Unknown,Rhenzy Feliz,111K,/artist?id=8034772,3,2022-01-20,11,11,2022-02-24,8,-1,We Don't Talk About Bruno,/track?id=66986384,https://www.tiktok.com/music/We-Don't-Talk-About-Bruno-7032019094467512322,Universal Music Group,2021-11-11,23,257750,2080000,2,2022-02-05,18,-0.14,USWD12112915,2022-02-20,52
48208,24,-8.0,Mexico,Eden Muñoz,957K,/artist?id=3905187,24,2022-03-17,5,5,2022-03-17,154,New,Chale,/track?id=73632653,https://www.tiktok.com/music/Chale-7069980890717309739,Music and Entertainment Rights Licensing Independent Network BV,2022-02-10,170,51090,99170,78,2022-03-19,5,0.0,MXB952200017,2022-03-13,31
48201,29,5.0,Mexico,Eden Muñoz,905K,/artist?id=3905187,24,2022-03-17,6,6,2022-03-24,78,76,Chale,/track?id=73632653,https://www.tiktok.com/music/Chale-7069980890717309739,Music and Entertainment Rights Licensing Independent Network BV,2022-02-10,143,68600,167770,78,2022-03-19,5,10.86,MXB952200017,2022-03-20,31
48194,67,38.0,Mexico,Eden Muñoz,548K,/artist?id=3905187,24,2022-03-17,7,7,2022-03-31,90,-12,Chale,/track?id=73632653,https://www.tiktok.com/music/Chale-7069980890717309739,Music and Entertainment Rights Licensing Independent Network BV,2022-02-10,128,62310,230070,78,2022-03-19,5,-1.71,MXB952200017,2022-03-27,31
48187,71,4.0,Mexico,Eden Muñoz,496K,/artist?id=3905187,24,2022-03-17,8,8,2022-04-07,128,-38,Chale,/track?id=73632653,https://www.tiktok.com/music/Chale-7069980890717309739,Music and Entertainment Rights Licensing Independent Network BV,2022-02-10,117,49100,279180,78,2022-03-19,5,-5.43,MXB952200017,2022-04-03,31
107308,84,,Unknown,Speed Radio,450K,/artist?id=8870459,84,2022-04-07,1,1,2022-04-07,124,New,Cool for the Summer - Sped Up (Nightcore),/track?id=78999123,https://www.tiktok.com/music/Cool-for-the-Summer-Sped-Up-Nightcore-7079239555974432770,Universal Music Group,2022-03-25,187,50750,50980,39,2022-04-09,8,0.0,USHR12243196,2022-04-03,9
48175,215,144.0,Mexico,Eden Muñoz,236K,/artist?id=3905187,24,2022-03-17,9,9,2022-04-14,192,-64,Chale,/track?id=73632653,https://www.tiktok.com/music/Chale-7069980890717309739,Music and Entertainment Rights Licensing Independent Network BV,2022-02-10,110,36850,316030,78,2022-03-19,5,-9.14,MXB952200017,2022-04-10,31
107283,96,12.0,Unknown,Speed Radio,408K,/artist?id=8870459,84,2022-04-07,2,2,2022-04-14,39,85,Cool for the Summer - Sped Up (Nightcore),/track?id=78999123,https://www.tiktok.com/music/Cool-for-the-Summer-Sped-Up-Nightcore-7079239555974432770,Universal Music Group,2022-03-25,136,126290,177270,39,2022-04-09,8,12.14,USHR12243196,2022-04-10,9
119803,824,389.0,United States,Joseline Hernandez,101K,/artist?id=156927,326,2022-04-07,3,3,2022-04-21,16,New,Vegas (I Wanna Ride),/track?id=69596777,https://www.tiktok.com/music/Vegas-I-Wanna-Ride-7042544889816418305,DistroKid,2021-12-16,134,182880,230590,15,2022-04-30,11,0.0,QMVHD2100009,2022-04-17,122
107325,160,64.0,Unknown,Speed Radio,297K,/artist?id=8870459,84,2022-04-07,3,3,2022-04-21,58,-4,Cool for the Summer - Sped Up (Nightcore),/track?id=78999123,https://www.tiktok.com/music/Cool-for-the-Summer-Sped-Up-Nightcore-7079239555974432770,Universal Music Group,2022-03-25,109,79820,365090,39,2022-04-09,8,-0.57,USHR12243196,2022-04-17,9
107290,177,17.0,Unknown,Speed Radio,228K,/artist?id=8870459,84,2022-04-07,4,4,2022-04-28,73,-15,Cool for the Summer - Sped Up (Nightcore),/track?id=78999123,https://www.tiktok.com/music/Cool-for-the-Summer-Sped-Up-Nightcore-7079239555974432770,Universal Music Group,2022-03-25,101,64489,429590,39,2022-04-09,8,-2.14,USHR12243196,2022-04-24,9
107353,487,310.0,Unknown,Speed Radio,129K,/artist?id=8870459,84,2022-04-07,5,5,2022-05-05,105,-32,Cool for the Summer - Sped Up (Nightcore),/track?id=78999123,https://www.tiktok.com/music/Cool-for-the-Summer-Sped-Up-Nightcore-7079239555974432770,Universal Music Group,2022-03-25,85,53200,482780,39,2022-04-09,8,-4.57,USHR12243196,2022-05-01,9
107383,263,-224.0,Unknown,Speed Radio,227K,/artist?id=8870459,84,2022-04-07,6,6,2022-05-12,142,-37,Cool for the Summer - Sped Up (Nightcore),/track?id=78999123,https://www.tiktok.com/music/Cool-for-the-Summer-Sped-Up-Nightcore-7079239555974432770,Universal Music Group,2022-03-25,65,43990,526780,39,2022-04-09,8,-5.29,USHR12243196,2022-05-08,9
107264,433,170.0,Unknown,Speed Radio,152K,/artist?id=8870459,84,2022-04-07,7,7,2022-05-19,142,-37,Cool for the Summer - Sped Up (Nightcore),/track?id=78999123,https://www.tiktok.com/music/Cool-for-the-Summer-Sped-Up-Nightcore-7079239555974432770,Universal Music Group,2022-03-25,65,43990,526780,39,2022-04-09,8,-5.29,USHR12243196,2022-05-15,9
107278,586,153.0,Unknown,Speed Radio,110K,/artist?id=8870459,84,2022-04-07,8,8,2022-05-26,178,-36,Cool for the Summer - Sped Up (Nightcore),/track?id=78999123,https://www.tiktok.com/music/Cool-for-the-Summer-Sped-Up-Nightcore-7079239555974432770,Universal Music Group,2022-03-25,64,33570,560350,39,2022-04-09,8,-5.14,USHR12243196,2022-05-22,9
108360,304,,Unknown,sped up nightcore,161K,/artist?id=9397919,304,2022-07-14,1,1,2022-07-14,132,New,Cardigan (Don Toliver) [Sped Up Version],/track?id=84041961,https://www.tiktok.com/music/null,Warner Music Group,2022-06-15,186,38920,67410,132,2022-07-09,2,0.0,USAT22207669,2022-07-10,25
108361,450,,United States,Big Boogie,132K,/artist?id=1362292,450,2022-07-21,1,1,2022-07-21,83,-11,FWM,/track?id=68685144,https://www.tiktok.com/music/FWM-7045161592740120578,Universal Music Group,2021-12-22,33,48610,2020000,7,2022-05-21,13,-1.57,USUG12106598,2022-07-17,-52
108353,440,136.0,Unknown,sped up nightcore,136K,/artist?id=9397919,304,2022-07-14,2,2,2022-07-21,136,-4,Cardigan (Don Toliver) [Sped Up Version],/track?id=84041961,https://www.tiktok.com/music/null,Warner Music Group,2022-06-15,174,33780,101190,132,2022-07-09,2,-0.57,USAT22207669,2022-07-17,25
124349,26,,Mexico,Betillo Guerrero,854K,/artist?id=4547289,26,2022-07-28,1,1,2022-07-28,23,7,Por Clave el 13,/track?id=77624927,https://www.tiktok.com/music/Por-Clave-el-13-7060334827362322433,Music and Entertainment Rights Licensing Independent Network BV,2022-02-02,133,137580,267340,23,2022-07-23,3,1.0,QZDQH2160812,2022-07-24,165
108477,573,123.0,United States,Big Boogie,114K,/artist?id=1362292,450,2022-07-21,2,2,2022-07-28,104,-21,FWM,/track?id=68685144,https://www.tiktok.com/music/FWM-7045161592740120578,Universal Music Group,2021-12-22,28,38200,2049999,7,2022-05-21,13,-3.0,USUG12106598,2022-07-24,-52
107391,95,30.0,United States,The Gregory Brothers,434K,/artist?id=37477,65,2022-07-21,4,4,2022-07-28,75,New,"Chrissy, Wake Up",/track?id=84049020,https://www.tiktok.com/music/Chrissy-Wake-Up-7113581455884453889,Music and Entertainment Rights Licensing Independent Network BV,2022-06-25,169,48880,102610,75,2022-07-23,2,0.0,US92U1906619,2022-07-24,29
124345,70,44.0,Mexico,Betillo Guerrero,490K,/artist?id=4547289,26,2022-07-28,2,2,2022-08-04,80,-57,Por Clave el 13,/track?id=77624927,https://www.tiktok.com/music/Por-Clave-el-13-7060334827362322433,Music and Entertainment Rights Licensing Independent Network BV,2022-02-02,100,58090,325430,23,2022-07-23,3,-8.14,QZDQH2160812,2022-07-31,165
108435,884,311.0,United States,Big Boogie,74K,/artist?id=1362292,450,2022-07-21,3,3,2022-08-04,178,-74,FWM,/track?id=68685144,https://www.tiktok.com/music/FWM-7045161592740120578,Universal Music Group,2021-12-22,24,29470,2080000,7,2022-05-21,13,-10.57,USUG12106598,2022-07-31,-52
124371,865,,United States,Chalie Boy,76K,/artist?id=544138,865,2022-08-04,1,1,2022-08-04,22,5,"Thick Fine Woman (feat. Lil' Ronny Mothaf, Fat Pimp & No Shame)",/track?id=15432772,https://www.tiktok.com/music/Thick-Fine-Woman-feat-Lil-Ronny-Mothaf-Fat-Pimp-No-Shame-7101763683994569518,Music and Entertainment Rights Licensing Independent Network BV,2022-03-21,56,127970,804260,22,2022-07-30,8,0.71,USJ3V1253391,2022-07-31,83
107252,199,156.0,Korea,NAYEON,231K,/artist?id=9422380,13,2022-07-07,5,5,2022-08-04,142,New,POP!,/track?id=83943709,https://www.tiktok.com/music/POP-7112079352120314625,JYP Entertainment Corporation,2022-05-29,138,36870,117190,142,2022-07-30,1,0.0,US5TA2200041,2022-07-31,63
107386,132,37.0,United States,The Gregory Brothers,333K,/artist?id=37477,65,2022-07-21,5,5,2022-08-04,112,-37,"Chrissy, Wake Up",/track?id=84049020,https://www.tiktok.com/music/Chrissy-Wake-Up-7113581455884453889,Music and Entertainment Rights Licensing Independent Network BV,2022-06-25,131,44670,147290,75,2022-07-23,2,-5.29,US92U1906619,2022-07-31,29
